Brand,Domain,Total Backlinks,Total Referring Domains,Organic Traffic
WaterTechnology,water-technology.net,48262,3519,51239
Kimray,https://kimray.com/,22326,904,39145
Suez Water Technologies,https://www.suezwatertechnologies.com/,72460,1768,37226
PureAqua,https://pureaqua.com/,39639,848,33063
EVOQUA,https://www.evoqua.com/,103199,3120,30195
Fluencecorp,fluencecorp.com,95702,2030,22269
Earthworks,earthworks.org,253663,5924,13680
Ecologix Systems,https://www.ecologixsystems.com/,1304,327,10599
CrystalQuest,crystalquest.com,7672,598,6296
Get Chem Ready,https://www.getchemready.com/,1081,151,5823
Sage Metering,sagemetering.com,1738,469,5699
WESTECH,https://www.westech-inc.com/,7589,811,5337
JWCE,jwce.com,7096,621,5137
Lakos,https://www.lakos.com/,8763,597,2183
Monroe Environmental,monroeenvironmental.com,2262,759,1592
Precision Boilers,https://precisionboilers.com/,8700,206,1463
Washcycle,http://www.washcycle.com/,867,298,1462
Huber Technology,https://www.huber-technology.com/,20055,340,1410
Pollution Control System,pollutioncontrolsystem.com,1232,287,1297
Parkson,parkson.com,6448,468,1220
NIJHUIS,https://www.nijhuisindustries.com/,5014,305,1181
Lakeside Equipment,lakeside-equipment.com,2838,295,1112
Industrial sTEAM,https://industrialsteam.com/,3928,181,899
Knorr Systems,https://knorrsystems.com/,2500,195,867
KEMCO,https://www.kemcosystems.com/,1617,268,772
World Water Works,https://www.worldwaterworks.com/,704,148,731
JMS Equipment,jmsequipment.com,1697,211,704
SOS Blue Waters,sosbluewaters.org,1998,178,547
Atlas SsI,atlas-ssi.com,1643,202,500
Ellis Corporation,https://www.elliscorp.com/,887,187,448
Bond Water Technology,https://www.bondwater.com/,485,172,277
Napier Reid,napier-reid.com,943,235,226
Package Plants,packageplants.com,192,43,179
Fournier Dewatering,https://www.fournierdewatering.com/,4445,18,110
Consolidated H20,https://www.consolidatedh2o.com/,3187,69,110
E Water Company,https://ewatercompany.com/,158,21,109
Norchem Industries,https://www.norchemindustries.com/ ,86,28,69
Thermal Engineering of Arizona,https://www.teatucson.com/ ,173,57,51
IWWS,https://iwwsllc.com/,278,30,14
Jenfitch,https://jenfitch.com/,4625,45,2