Brand,Domain,1-3,4-10,11-100,Total Keywords,Organic Traffic
Ellis Corporation,https://www.elliscorp.com/,43,51,528,622,448
World Water Works,https://www.worldwaterworks.com/,25,61,476,562,731
IWWS,https://iwwsllc.com/,5,7,59,71,14
KEMCO,https://www.kemcosystems.com/,46,43,872,961,772
NIJHUIS,https://www.nijhuisindustries.com/,16,37,421,474,1181
EVOQUA,https://www.evoqua.com/,949,1311,16116,18376,30195
WESTECH,https://www.westech-inc.com/,221,225,3232,3678,5337
Norchem Industries,https://www.norchemindustries.com/ ,1,5,25,31,69
Thermal Engineering of Arizona,https://www.teatucson.com/ ,10,3,41,54,51
E Water Company,https://ewatercompany.com/,5,6,65,76,109
Bond Water Technology,https://www.bondwater.com/,41,101,789,931,277
Knorr Systems,https://knorrsystems.com/,184,258,2176,2618,867
Suez Water Technologies,https://www.suezwatertechnologies.com/,2036,1903,38601,42541,37226
Lakos,https://www.lakos.com/,79,182,2066,2326,2183
Ecologix Systems,https://www.ecologixsystems.com/,521,719,8839,10079,10599
Get Chem Ready,https://www.getchemready.com/,320,326,4676,5321,5823
Industrial sTEAM,https://industrialsteam.com/,56,282,1411,1750,899
Precision Boilers,https://precisionboilers.com/,591,177,2423,3191,1463
Washcycle,http://www.washcycle.com/,325,385,3990,4700,1462
Kimray,https://kimray.com/,1305,3184,24843,29331,39145
Consolidated H20,https://www.consolidatedh2o.com/,33,46,391,471,110
Fournier Dewatering,https://www.fournierdewatering.com/,20,18,375,413,110
Jenfitch,https://jenfitch.com/,0,1,10,11,2
Huber Technology,https://www.huber-technology.com/,120,166,2045,2332,1410
PureAqua,https://pureaqua.com/,2155,2194,31522,35872,33063
Atlas SsI,atlas-ssi.com,31,153,767,951,500
CrystalQuest,crystalquest.com,2139,642,8772,11553,6296
Earthworks,earthworks.org,1528,1812,18764,22104,13680
JMS Equipment,jmsequipment.com,60,146,1143,1349,704
JWCE,jwce.com,306,428,3610,4344,5137
Package Plants,packageplants.com,14,13,268,295,179
Napier Reid,napier-reid.com,26,60,686,772,226
Parkson,parkson.com,72,99,1216,1386,1220
Fluencecorp,fluencecorp.com,1411,1436,20628,23475,22269
Sage Metering,sagemetering.com,199,995,4975,6169,5699
SOS Blue Waters,sosbluewaters.org,149,45,612,806,547
WaterTechnology,water-technology.net,3656,4336,44893,52885,51239
Lakeside Equipment,lakeside-equipment.com,84,205,1601,1890,1112
Monroe Environmental,monroeenvironmental.com,166,232,1955,2353,1592
Pollution Control System,pollutioncontrolsystem.com,83,78,1573,1733,1297